crwa_org,outcome,detail
A.F.P. Mutual Water Company,no confident match - own pin,"parsed at Tehachapi, CA 93581"
Aborn Heights Mutual Water Association,no confident match - own pin,"parsed at San Jose, CA 95135"
Aerial Acres Water Company Inc.,no confident match - own pin,"parsed at North Edwards, CA 93523"
Alameda County Fair Association,no confident match - own pin,"parsed at Pleasanton, CA 94566"
Alameda County RCD,no confident match - own pin,"parsed at Livermore, CA 94550"
Albion Mutual Water Company,no confident match - own pin,"parsed at Albion, CA 95410"
Albion River Campground,no confident match - own pin,"parsed at Albion, CA 95410"
ALCO Water Service,no confident match - own pin,"parsed at Salinas, CA 93905"
Alegria Domestic Mutual Water Co.,no confident match - own pin,"parsed at Gaviota, CA 93117"
Alexander Valley Acres Mutual Water Company,no confident match - own pin,"parsed at Healdsburg, CA 95448"
Alleghany County Water District,no confident match - own pin,"parsed at Alleghany, CA 95910"
Allen Road Mutual Water Company,no confident match - own pin,"parsed at Bakersfield, CA 93390"
Allensworth Community Services District,no confident match - own pin,"parsed at Allensworth, CA 93219"
Alliance Redwoods Conference Grounds,no confident match - own pin,"parsed at Occidental, CA 95465"
Almanor Heights Mutual Water Company,no confident match - own pin,"parsed at Chester, CA 96020"
Alpaugh Community Services District,no confident match - own pin,"parsed at Alpaugh, CA 93201"
Alpine Retreat and Camp,no confident match - own pin,"parsed at Twin Peaks, CA 92391"
Alpine Springs County Water District,matched -> Alpine Springs Water District (CA),"place + governance match (80% overlap), 80% overlap"
Alpine Water Company,no confident match - own pin,"parsed at Bishop, CA 93514"
Alpine Water Users Association,no confident match - own pin,"parsed at Twin Peaks, CA 92391"
Alta Sierra Mutual Water Company,no confident match - own pin,"parsed at Wofford Heights, CA 93285"
Amador Water Agency,matched -> Amador Water Agency (CA),"place + governance match (100% overlap), 100% overlap"
Amargosa Opera House Inc.,no confident match - own pin,"parsed at Death Valley, CA 92328"
American Valley Community Services District (3210004),no confident match - own pin,"parsed at Quincy, CA 95971"
Amezcua – Garcia Water,no confident match - own pin,"parsed at THERMAL, CA 92274"
Andersons Springs Community Service District,no confident match - own pin,"parsed at Middletown, CA 95461"
Antelope Valley Resource Conservation District,no confident match - own pin,"parsed at Lancaster, CA 93536"
Anza Mutual Water Company,no confident match - own pin,"parsed at Anza, CA 92539"
Apple Valley Heights CWD,matched -> Apple Valley Heights County Water Dist (CA),"place + governance match (100% overlap), 100% overlap"
Apple Valley View Mutual Water Company,no confident match - own pin,"parsed at Apple Valley, CA 92307"
Aqua “J” Mutual Water Company,no confident match - own pin,"parsed at Lancaster, CA 93535"
Arbuckle Public Utility District,no confident match - own pin,"parsed at Arbuckle, CA 95912"
Armida Winery,no confident match - own pin,"parsed at Healdsburg, CA 95448"
Aromas Water District,no confident match - own pin,"parsed at Aromas, CA 95004"
Arrowbear Park County Water District,matched -> Arrowbear Park County Water District (CA),"place + governance match (100% overlap), 100% overlap"
Arrowhead Villas Mutual Service Company,no confident match - own pin,"parsed at Sky Forest, CA 92385"
Arvin Community Services District,no confident match - own pin,"parsed at Arvin, CA 93203"
Aspendell Mutual Water Company,no confident match - own pin,"parsed at Bishop, CA 93514"
Atascadero Mutual Water Company,no confident match - own pin,"parsed at Atascadero, CA 93423"
Athal Mutual Water System,no confident match - own pin,"parsed at Bakersfield, CA 93387"
Averydale Mutual Water Company,no confident match - own pin,"parsed at Lancaster, CA 93584"
Avila Beach Community Services District,no confident match - own pin,"parsed at Avila Beach, CA 93424"
AZCAL MANAGEMENT CO,no confident match - own pin,"parsed at Lemoore, CA 93245"
Badger Hill Mutual Water Company,no confident match - own pin,"parsed at Exeter, CA 93221"
Bahwell Ditch Company,no confident match - own pin,"parsed at Three Rivers, CA 93271"
Baker Community Service District,no confident match - own pin,"parsed at Baker, CA 92309"
Bakman Water Company,no confident match - own pin,"parsed at Fresno, CA 93747"
Balcom Bixby Water Association,no confident match - own pin,"parsed at Santa Paula, CA 93061"
Banning Heights Mutual Water Company,no confident match - own pin,"parsed at Banning, CA 92220"
Bar 717 Ranch Inc.,no confident match - own pin,"parsed at Hayfork, CA 96041"
Bar-len Mutual Water,no confident match - own pin,"parsed at Barstow, CA 92311"
Bard Resource Conservation District,no confident match - own pin,"parsed at Bard, CA 92222"
Barton Flats Camp Association,no confident match - own pin,"parsed at Angelus Oaks, CA 92305"
Bass Lake Heights Mutual Water Company,no confident match - own pin,"parsed at Oakhurst, CA 93644"
"Bayer Research and Development Services, LLC",no confident match - own pin,"parsed at Woodland, CA 95695"
Bayou Vista Ditch Company,no confident match - own pin,"parsed at Corcoran, CA 93212"
Bear Creek Water Improvement Association,no confident match - own pin,"parsed at Visalia, CA 93292"
Bear Valley Community Services District,matched -> Bear Valley Community Services District (CA),"place + governance match (100% overlap), 100% overlap"
BELLA LAGO MOBILE HOME PARK,no confident match - own pin,"parsed at San Jose, CA 95112"
Belleview Oaks Mutual Water Company,no confident match - own pin,"parsed at Sonora, CA 95370"
Belmont Water Corporation,no confident match - own pin,"parsed at Fresno, CA 93737"
Bennett Ridge Mutual Water Company,no confident match - own pin,"parsed at Santa Rosa, CA 95405"
Big Bear Lake Dept. of Water & Power,no confident match - own pin,"parsed at Big Bear Lake, CA 92315"
Big Creek Community Services District,no confident match - own pin,"parsed at Big Creek, CA 93605"
Big Creek Lumber Company,no confident match - own pin,"parsed at Davenport, CA 95017"
Big Lagoon Park Company,no confident match - own pin,"parsed at Eureka, CA 95502"
Big Meadows Inc.,no confident match - own pin,"parsed at Chester, CA 96020"
Big River Lodge/Stanford Inn,no confident match - own pin,"parsed at Mendocino, CA 95460"
Big Springs Mutual Water Company,no confident match - own pin,"parsed at Old Station, CA 96071"
Biggers Glen Mutual Water Co.,no confident match - own pin,"parsed at Forest Ranch, CA 95942"
Biggs Unified School District,no confident match - own pin,"parsed at Biggs, CA 95917"
Bighorn-Desert View Water Agency,matched -> Bighorn-Desert View Water Agency (CA),"place + governance match (100% overlap), 100% overlap"
Birchim Community Service District,no confident match - own pin,"parsed at Toms Place, CA 93546"
Bishop Creek Water Association,no confident match - own pin,"parsed at Bishop, CA 93515"
Bishop Highlands Mobile Home Park,no confident match - own pin,"parsed at Bishop, CA 93514"
Bishop Paiute Tribe Public Utility Department,no confident match - own pin,"parsed at Bishop, CA 93514"
BLOCK 77 WATER COMPANY,no confident match - own pin,"parsed at Norco, CA 92860"
Blue Lake Springs Mutual Water Company,no confident match - own pin,"parsed at Arnold, CA 95223"
Blue Oak Terrace Mutual Water Co.,no confident match - own pin,"parsed at Paradise, CA 95969"
Bobcat Springs Mutual Water Company,no confident match - own pin,"parsed at Santa Ynez, CA 93460"
"Bodega Water Company, Inc.",no confident match - own pin,"parsed at Bodega, CA 94922"
Bohemian Club,no confident match - own pin,"parsed at Monte Rio, CA 95462"
Boron Community Service District,no confident match - own pin,"parsed at Boron, CA 93596"
Box Springs Mutual Water Company,no confident match - own pin,"parsed at Moreno Valley, CA 92553"
Briceland Community Services District,no confident match - own pin,"parsed at Garberville, CA 95542"
Bridgehaven Water System,no confident match - own pin,"parsed at Sacramento, CA 95818"
Bridgeport Public Utility District,matched -> Bridgeport Public Utility District (CA),"place + governance match (100% overlap), 100% overlap"
Brookside Estates Mutual Water Company,no confident match - own pin,"parsed at Mammoth Lakes, CA 93546"
Brooktrails Township Community Services District,no confident match - own pin,"parsed at Willits, CA 95490"
Brush and Old Well Mutual Water Company,no confident match - own pin,"parsed at Los Gatos, CA 95033"
Buckingham Park Water District,no confident match - own pin,"parsed at Kelseyville, CA 95451"
Bucktail Mutual Water Company,no confident match - own pin,"parsed at Lewiston, CA 96052"
Buena Vista Elementary School,no confident match - own pin,"parsed at Tulare, CA 93274"
Burney Water District,matched -> Burney Water District (CA),"place + governance match (100% overlap), 100% overlap"
Butano Canyon Mutual Water Company,no confident match - own pin,"parsed at Pescadero, CA 94060"
Buttonwillow County Water District,no confident match - own pin,"parsed at Buttonwillow, CA 93206"
BWMR & M Association Mutual Water Company,no confident match - own pin,"parsed at Antioch, CA 94509"
CA State Parks – Channel Coast District,no confident match - own pin,"parsed at Goleta, CA 93117"
Cabazon Water District,no confident match - own pin,"parsed at Cabazon, CA 92230"
Cachagua Mutual Water Company,no confident match - own pin,"parsed at Carmel Valley, CA 93924"
Cachuma Sanitation/Santa Barbara County Parks Dept,no confident match - own pin,"parsed at Santa Barbara, CA 93105"
"Cal Delta Plumbing, Inc.",no confident match - own pin,"parsed at Sacramento, CA 95826"
Calaveras Public Utility District,matched -> Calaveras Public Utility District (CA),"place + governance match (100% overlap), 100% overlap"
California Domestic Water Company,no confident match - own pin,"parsed at Whittier, CA 90603"
"California Drinking Water, LLC",no confident match - own pin,"parsed at Pine Valley, CA 91962"
California Land Management – Palo Alto,no confident match - own pin,"parsed at Phoenix, AZ 85028"
California Pines Community Services District,no confident match - own pin,"parsed at Alturas, CA 96101"
CALLAHAN WATER DISTRICT,no confident match - own pin,"parsed at Callahan, CA 96014"
Callayomi County Water District,no confident match - own pin,"parsed at Middletown, CA 95461"
Camp Old Oak Ranch,no confident match - own pin,"parsed at Sonora, CA 95370"
Camp Sierra Improvement Association,no confident match - own pin,"parsed at Kingsburg, CA 93631"
Campanero Oaks Mutual Water Company,no confident match - own pin,"parsed at California Hot Springs, CA 93207"
Camptonville Community Services District,no confident match - own pin,"parsed at Camptonville, CA 95922"
Canada Woods Water Company,no confident match - own pin,"parsed at Carmel, CA 93922"
Canebrake County Water District,no confident match - own pin,"parsed at La Mesa, CA 91942"
Canyon Meadows Mutual Water Co.,no confident match - own pin,"parsed at Bodfish, CA 93205"
Carmet – by – the – Sea Water Company,no confident match - own pin,"parsed at Bodega Bay, CA 94923"
"Cartago Mutual Water Company, Inc.",no confident match - own pin,"parsed at Bishop, CA 93514"
Caruthers Community Services District,no confident match - own pin,"parsed at Caruthers, CA 93609"
Caspar Beach R.V. Park,no confident match - own pin,"parsed at Mendocino, CA 95460"
Caspar Water Company,no confident match - own pin,"parsed at Caspar, CA 95420"
Cassel Park Water Corp.,no confident match - own pin,"parsed at Cassel, CA 96016"
Cathedral Hills Mutual Water Company,no confident match - own pin,"parsed at Aptos, CA 95003"
Cathedral Wood Mutual Water Company,no confident match - own pin,"parsed at Scotts Valley, CA 95067"
Cayucos Beach Mutual Water Co.,no confident match - own pin,"parsed at Cayucos, CA 93430"
Cayucos Sanitary District,matched -> Cayucos Sanitary District (CA),"place + governance match (100% overlap), 100% overlap"
Cedarville CWD,no confident match - own pin,"parsed at Cedarville, CA 96104"
Center Water Company,no confident match - own pin,"parsed at Lucerne Valley, CA 92356"
Centerville Community Services District,no confident match - own pin,"parsed at Redding, CA 96001"
Central Coast Water Authority,matched -> Central Coast Water Authority (CA),"place + governance match (100% overlap), 100% overlap"
Central Water District,no confident match - own pin,"parsed at Aptos, CA 95001"
Chalfant Valley West MWC,no confident match - own pin,"parsed at Bishop, CA 95315"
CHANNEL ISLANDS NATIONAL PARK,no confident match - own pin,"parsed at Ventura, CA 93001"
"Chapman Ranchos Water Company, Inc",no confident match - own pin,"parsed at Mountain Center, CA 92561"
Chawanakee Unified School District,no confident match - own pin,"parsed at North Fork, CA 93643"
Cherry Lane Trailer Park,no confident match - own pin,"parsed at Stockton, CA 95204"
Cherry Valley Water Company,no confident match - own pin,"parsed at Beaumont, CA 92223"
Chester Public Utility District,no confident match - own pin,"parsed at Chester, CA 96020"
China Peak Mountain Resort,no confident match - own pin,"parsed at Lakeshore, CA 93634"
Chiriaco Summit Water District,no confident match - own pin,"parsed at Chiriaco Summit, CA 92201"
Christian Valley Park CSD,no confident match - own pin,"parsed at Auburn, CA 95604"
Christopher Ranch LLC,no confident match - own pin,"parsed at Gilroy, CA 95020"
City of Alturas,no confident match - own pin,"parsed at Alturas, CA 96101"
City of Anderson,no confident match - own pin,"parsed at Anderson, CA 96007"
City of Antioch,matched -> City of Antioch (CA),"place + governance match (100% overlap), 100% overlap"
City of Arcata,matched -> City of Arcata (CA),"place + governance match (100% overlap), 100% overlap"
City of Avenal,matched -> City of Avenal (CA),"place + governance match (100% overlap), 100% overlap"
City of Banning,matched -> City of Banning (CA),"place + governance match (100% overlap), 100% overlap"
City of Beaumont,matched -> City of Beaumont (CA),"place + governance match (100% overlap), 100% overlap"
City of Biggs,no confident match - own pin,"parsed at Biggs, CA 95917"
City of Bishop,matched -> City of Bishop (CA),"place + governance match (100% overlap), 100% overlap"
City of Blue Lake,no confident match - own pin,"parsed at Blue Lake, CA 95525"
City of Brawley Public Works Department,matched -> City of Brawley (CA),"place + governance match (50% overlap), 50% overlap"
City of Buellton,matched -> City of Buellton (CA),"place + governance match (100% overlap), 100% overlap"
City of Calistoga,no confident match - own pin,"parsed at Calistoga, CA 94515"
City of Ceres,matched -> City of Ceres (CA),"place + governance match (100% overlap), 100% overlap"
City of Chowchilla,matched -> City of Chowchilla (CA),"place + governance match (100% overlap), 100% overlap"
City of Clovis,matched -> City of Clovis (CA),"place + governance match (100% overlap), 100% overlap"
City of Coachella,matched -> City of Coachella (CA),"place + governance match (100% overlap), 100% overlap"
City of Colfax,no confident match - own pin,"parsed at Colfax, CA 95713"
City of Colusa Water Division,no confident match - own pin,"parsed at Colusa, CA 95932"
City of Corcoran,no confident match - own pin,"parsed at Corcoran, CA 93212"
City of Corning,matched -> City of Corning (CA),"place + governance match (100% overlap), 100% overlap"
City of Delano,no confident match - own pin,"parsed at Delano, CA 93215"
City of Dinuba,matched -> City of Dinuba (CA),"place + governance match (100% overlap), 100% overlap"
City of Dorris,no confident match - own pin,"parsed at Dorris, CA 96023"
City of Dunsmuir,matched -> City of Dunsmuir (CA),"place + governance match (100% overlap), 100% overlap"
City of Etna,no confident match - own pin,"parsed at Etna, CA 96027"
City of Exeter,matched -> City of Exeter (CA),"place + governance match (100% overlap), 100% overlap"
City of Ferndale,no confident match - own pin,"parsed at Ferndale, CA 95536"
City of Firebaugh,matched -> City of Firebaugh (CA),"place + governance match (100% overlap), 100% overlap"
City of Fowler,no confident match - own pin,"parsed at Fowler, CA 93625"
City of Galt,matched -> City of Galt (CA),"place + governance match (100% overlap), 100% overlap"
City of Gonzales,matched -> City of Gonzales (CA),"place + governance match (100% overlap), 100% overlap"
City of Grass Valley,matched -> City of Grass Valley (CA),"place + governance match (100% overlap), 100% overlap"
City of Gridley,no confident match - own pin,"parsed at Gridley, CA 95948"
City of Grover Beach,matched -> City of Grover Beach (CA),"place + governance match (100% overlap), 100% overlap"
City of Hanford,matched -> City of Hanford (CA),"place + governance match (100% overlap), 100% overlap"
City of Hemet,matched -> City of Hemet (CA),"place + governance match (100% overlap), 100% overlap"
City of Hollister,no confident match - own pin,"parsed at Hollister, CA 95023"
City of Imperial,no confident match - own pin,"parsed at Imperial, CA 92251"
City of Jackson,no confident match - own pin,"parsed at Jackson, CA 95642"
City of Kerman,matched -> City of Kerman (CA),"place + governance match (100% overlap), 100% overlap"
City of Lakeport Water Department,no confident match - own pin,"parsed at Lakeport, CA 95453"
City of Lindsay,matched -> City of Lindsay (CA),"place + governance match (100% overlap), 100% overlap"
City of Lodi Public Works Department,no confident match - own pin,"parsed at Lodi, CA 95242"
City of Lompoc,matched -> City of Lompoc (CA),"place + governance match (100% overlap), 100% overlap"
City of Los Banos Public Works Department,matched -> City of Los Banos (CA),"place + governance match (60% overlap), 60% overlap"
City of Madera,matched -> City of Madera (CA),"place + governance match (100% overlap), 100% overlap"
City of Manteca,matched -> City of Manteca (CA),"place + governance match (100% overlap), 100% overlap"
City of McFarland,matched -> City of McFarland (CA),"place + governance match (100% overlap), 100% overlap"
City of Merced Water Department,no confident match - own pin,"parsed at Merced, CA 95340"
City of Modesto,matched -> City of Modesto (CA),"place + governance match (100% overlap), 100% overlap"
City of Montague,no confident match - own pin,"parsed at Montague, CA 96064"
City of Mount Shasta,no confident match - own pin,"parsed at Mt. Shasta, CA 96067"
"City of Napa, Water Division",no confident match - own pin,"parsed at Napa, CA 94559"
City of Nevada City,no confident match - own pin,"parsed at Nevada City, CA 95959"
City of Newman Water Department,no confident match - own pin,"parsed at Newman, CA 95360"
City of Oakdale,matched -> City of Oakdale (CA),"place + governance match (100% overlap), 100% overlap"
City of Orland,matched -> City of Orland (CA),"place + governance match (100% overlap), 100% overlap"
City of Paso Robles,no confident match - own pin,"parsed at Paso Robles, CA 93446"
City of Patterson,matched -> City of Patterson (CA),"place + governance match (100% overlap), 100% overlap"
City of Pismo Beach,matched -> City of Pismo Beach (CA),"place + governance match (100% overlap), 100% overlap"
City of Portola,no confident match - own pin,"parsed at Portola, CA 96122"
City of Red Bluff,no confident match - own pin,"parsed at Red Bluff, CA 96080"
City of Redding,matched -> City of Redding (CA),"place + governance match (100% overlap), 100% overlap"
City of Rio Dell,no confident match - own pin,"parsed at Rio Dell, CA 95562"
City of Rio Vista,no confident match - own pin,"parsed at Rio Vista, CA 94571"
City of Riverbank,matched -> City of Riverbank (CA),"place + governance match (100% overlap), 100% overlap"
City of Riverside,matched -> City of Riverside (CA),"place + governance match (100% overlap), 100% overlap"
City of Roseville,matched -> City of Roseville (CA),"place + governance match (100% overlap), 100% overlap"
City of San Buenaventura,no confident match - own pin,"parsed at Ventura, CA 93001"
City of San Joaquin,no confident match - own pin,"parsed at San Joaquin, CA 93660"
City of San Juan Bautista,matched -> City of San Juan Bautista (CA),"place + governance match (100% overlap), 100% overlap"
City of San Luis Obispo,matched -> City of San Luis Obispo (CA),"place + governance match (100% overlap), 100% overlap"
City of Santa Ana,matched -> City of Santa Ana (CA),"place + governance match (100% overlap), 100% overlap"
City of Santa Cruz Water Department/Water Production,no confident match - own pin,"parsed at Santa Cruz, CA 95060"
City of Santa Paula,matched -> City of Santa Paula (CA),"place + governance match (100% overlap), 100% overlap"
City of Santa Rosa – Utilities Administration,no confident match - own pin,"parsed at Santa Rosa, CA 95401"
City of Shafter,matched -> City of Shafter (CA),"place + governance match (100% overlap), 100% overlap"
City of Shasta Lake,matched -> City of Shasta Lake (CA),"place + governance match (100% overlap), 100% overlap"
City of Soledad,matched -> City of Soledad (CA),"place + governance match (100% overlap), 100% overlap"
City of Solvang,matched -> City of Solvang (CA),"place + governance match (100% overlap), 100% overlap"
City of Sonoma,matched -> City of Sonoma (CA),"place + governance match (100% overlap), 100% overlap"
City of Sunnyvale,matched -> City of Sunnyvale (CA),"place + governance match (100% overlap), 100% overlap"
City of Susanville,no confident match - own pin,"parsed at Susanville, CA 96130"
City of Sutter Creek,matched -> City of Sutter Creek (CA),"place + governance match (100% overlap), 100% overlap"
City of Tehachapi,no confident match - own pin,"parsed at Tehachapi, CA 93561"
City of Tehama,no confident match - own pin,"parsed at Tehama, CA 96090"
City of Trinidad,no confident match - own pin,"parsed at Trinidad, CA 95570"
City of Tulelake,no confident match - own pin,"parsed at Tulelake, CA 96134"
City of Turlock,no confident match - own pin,"parsed at Turlock, CA 95380"
City of Ukiah,matched -> City of Ukiah (CA),"place + governance match (100% overlap), 100% overlap"
CITY OF VENTURA-VENTURA WATER,no confident match - own pin,"parsed at Ventura, CA 93001"
City of Wasco,matched -> City of Wasco (CA),"place + governance match (100% overlap), 100% overlap"
City of Waterford,no confident match - own pin,"parsed at Waterford, CA 95386"
City of West Sacramento,no confident match - own pin,"parsed at West Sacramento, CA 95605"
City of Wheatland,no confident match - own pin,"parsed at Wheatland, CA 95692"
City of Willits,matched -> City of Willits (CA),"place + governance match (100% overlap), 100% overlap"
City of Winters,no confident match - own pin,"parsed at Winters, CA 95694"
City of Yreka,matched -> City of Yreka (CA),"place + governance match (100% overlap), 100% overlap"
Clear Creek Water Company,no confident match - own pin,"parsed at Cloverdale, CA 95425"
Clear Water Mutual Water Company,no confident match - own pin,"parsed at Kelseyville, CA 95451"
Clearlake Oaks County Water District,no confident match - own pin,"parsed at Clearlake Oaks, CA 95423"
Clearwater,no confident match - own pin,"parsed at Waterford, CA 95386"
Clio Public Utility Water District,no confident match - own pin,"parsed at Clio, CA 96106"
CLOVERDALE MUTUAL WATER CO.,no confident match - own pin,"parsed at Oxnard, CA 93036"
Cobb Area County Water District,no confident match - own pin,"parsed at Cobb, CA 95426"
Cold Springs Water Company,no confident match - own pin,"parsed at Cold Springs, CA 95335"
College Park Mutual Water,no confident match - own pin,"parsed at Penngrove, CA 94951"
"Colonial Oak Water Company, Inc.",no confident match - own pin,"parsed at Prunedale, CA 93907"
Colusa County Water Works #1,no confident match - own pin,"parsed at Grimes, CA 95950"
Copco Lake Mutual Water Company,no confident match - own pin,"parsed at Montague, CA 96064"
Cortland Pines Mutual Water Company,no confident match - own pin,"parsed at Shingletown, CA 96088"
Country Club County Water District,no confident match - own pin,"parsed at Turlock, CA 95380"
Country Hills Estates,no confident match - own pin,"parsed at ARROYO GRANDE, CA 93420"
County of Madera Special Districts,no confident match - own pin,"parsed at Madera, CA 93637"
County of Riverside Service Area 62,no confident match - own pin,"parsed at Blythe, CA 92225"
County of San Diego – Rancho Del Campo Water System,no confident match - own pin,"parsed at San Diego, CA 92123"
County of San Joaquin Utilities,matched -> County of San Joaquin (CA),"place + governance match (75% overlap), 75% overlap"
County Waterworks #1 Lower Lake District,no confident match - own pin,"parsed at Lower Lake, CA 95457"
Coyote Valley Mutual Water Company Inc.,no confident match - own pin,"parsed at Ocotillo, CA 92259"
Cramer Enterprises,no confident match - own pin,"parsed at Lakeport, CA 95453"
Crescent Bay Improvement Company,no confident match - own pin,"parsed at Lower Lake, CA 95457"
Crestline Village Water District,no confident match - own pin,"parsed at Crestline, CA 92325"
Crestview Mutual Water Company,no confident match - own pin,"parsed at Camarillo, CA 93010"
"Crowley Lake Mutual Water Company, Inc.",no confident match - own pin,"parsed at Crowley Lake, CA 93546"
Crows Landing Community Services District,no confident match - own pin,"parsed at Crows Landing, CA 95313"
Cuerno Largo Mutual Water Company,no confident match - own pin,"parsed at Los Olivos, CA 93441"
Cuesta La Honda Guild,no confident match - own pin,"parsed at La Honda, CA 94020"
Currier Estates Mutual Water Corp.,no confident match - own pin,"parsed at Tracy, CA 95304"
Cutler Public Utility District,no confident match - own pin,"parsed at Cutler, CA 93615"
Cutler-Orosi Joint Powers Wastewater Authority,no confident match - own pin,"parsed at Cutler, CA 93615"
Cuyama Community Services District,no confident match - own pin,"parsed at New Cuyama, CA 93254"
Cypress Mutual Water Company,no confident match - own pin,"parsed at Oxnard, CA 93036"
Daggett Community Services District,no confident match - own pin,"parsed at Daggett, CA 92327"
"Dakota West Realty, LLC.",no confident match - own pin,"parsed at Simi Valley, CA 93065"
Darwin Community Services District,no confident match - own pin,"parsed at Darwin, CA 93522"
De Anza Moon Valley Water Company,no confident match - own pin,"parsed at Sonoma, CA 95476"
Death Valley National Park – Scotty’s Castle,no confident match - own pin,"parsed at Death Valley, CA 92328"
Deer Meadow Mutual Water Company,no confident match - own pin,"parsed at Three Rivers, CA 93271"
Del Monte – Hanford,no confident match - own pin,"parsed at Hanford, CA 93230"
Del Norte Water Company,no confident match - own pin,"parsed at Ventura, CA 93007"
Del Oro Water Company,no confident match - own pin,"parsed at Chico, CA 95927"
Del Rey Community Service District,no confident match - own pin,"parsed at Del Rey, CA 93616"
Delhi County Water District,no confident match - own pin,"parsed at Delhi, CA 95315"
Denair Community Services District,matched -> Denair Community Services District (CA),"place + governance match (100% overlap), 100% overlap"
Descanso Community Water District,no confident match - own pin,"parsed at Descanso, CA 91916"
Desert Springs Mutual Water Company,no confident match - own pin,"parsed at Lucerne Valley, CA 92356"
Devore Water Company,no confident match - own pin,"parsed at San Bernardino, CA 92407"
Diablo Water District,matched -> Diablo Water District (CA),"place + governance match (100% overlap), 100% overlap"
DIAMOND A MUTUAL WATER COMPANY,no confident match - own pin,"parsed at El Verano, CA 95433"
Dixie Water Well Association,no confident match - own pin,"parsed at Ridgecrest, CA 93555"
Don Pedro Recreation Agency,no confident match - own pin,"parsed at La Grange, CA 95329"
Donner Summit Public Utility District,matched -> Donner Summit Public Utility District (CA),"place + governance match (100% overlap), 100% overlap"
Downieville Public Utilities District,no confident match - own pin,"parsed at Downieville, CA 95936"
East Austin Creek MWC,no confident match - own pin,"parsed at Cazadero, CA 95421"
East Bay Municipal Utility District – Pardee Center,no confident match - own pin,"parsed at Valley Springs, CA 95252"
East Bay Regional Park District,no confident match - own pin,"parsed at Oakland, CA 94605"
East Niles Community Services District,no confident match - own pin,"parsed at Bakersfield, CA 93386"
East Silverlake Improvement Association,no confident match - own pin,"parsed at Lincoln, CA 95648"
Eastern Sierra Community Service District,no confident match - own pin,"parsed at Bishop, CA 93514"
Eastside Water Association,no confident match - own pin,"parsed at Midway City, CA 92655"
El Capitan Mutual Water Company,no confident match - own pin,"parsed at Goleta, CA 93117"
El Dorado Mutual Water Company,no confident match - own pin,"parsed at Palmdale, CA 93551"
Elk Creek CSD,no confident match - own pin,"parsed at Elk Creek, CA 95939"
Elkins Ranch Water Company,no confident match - own pin,"parsed at Fillmore, CA 93016"
Ellensberg Lamb (Superior Packing),no confident match - own pin,"parsed at Sacramento, CA 95833"
Escalon Unified School District,no confident match - own pin,"parsed at Escalon, CA 95320"
Esparto Community Service District,no confident match - own pin,"parsed at Esparto, CA 95627"
Estero Mutual Water Co,no confident match - own pin,"parsed at Dillon Beach, CA 94929"
Evergreen Mutual Water Company,no confident match - own pin,"parsed at Lancaster, CA 93535"
Fall River Valley Community Service District,no confident match - own pin,"parsed at Fall River Mills, CA 96028"
Fallen Leaf Water Mutual Co,no confident match - own pin,"parsed at Sutter Creek, CA 95685"
Farmington Water Company,no confident match - own pin,"parsed at Farmington, CA 95230"
FCWWD,no confident match - own pin,"parsed at Fresno, CA 93725"
Feather River Canyon CSD,no confident match - own pin,"parsed at Twain, CA 95984"
Feather River Resource Conservation District,no confident match - own pin,"parsed at Quincy, CA 95971"
Fern Valley Water District,no confident match - own pin,"parsed at Idyllwild, CA 92549"
Fillmore Irrigation Company,no confident match - own pin,"parsed at Fillmore, CA 93015"
"First Mace Meadow Water Association, Inc.",no confident match - own pin,"parsed at Pine Grove, CA 95666"
Fish Camp Mutual Water Company,no confident match - own pin,"parsed at Madera, CA 93637"
Florin County Water District,no confident match - own pin,"parsed at Sacramento, CA 95828"
Floriston Property Owners Association,no confident match - own pin,"parsed at Floriston, CA 96111"
"FN Cellars, LLC Nickel & Nickel Vineyards",no confident match - own pin,"parsed at Oakville, CA 94562"
Folsom Lake Mutual Water Company,no confident match - own pin,"parsed at Granite Bay, CA 95746"
Forest Lakes Mutual Water Company,no confident match - own pin,"parsed at Felton, CA 95018"
Forest Park Mutual Water Company,no confident match - own pin,"parsed at Forest Falls, CA 92339"
Forest Ranch Mutual Water,no confident match - own pin,"parsed at Forest Ranch, CA 95942"
Forest Springs Improvement and Maintenance Association Inc,no confident match - own pin,"parsed at Boulder Creek, CA 95006"
Forestville Water District,matched -> Forestville Water District (CA),"place + governance match (100% overlap), 100% overlap"
Fort Independence Paiute Reservation,no confident match - own pin,"parsed at Independence, CA 93526"
FOUR BAR C FARMS,no confident match - own pin,"parsed at Fresno, CA 93706"
"Fowler Nurseries, Inc.",no confident match - own pin,"parsed at Newcastle, CA 95658"
Franklin County Water District,no confident match - own pin,"parsed at Merced, CA 95348"
Frazier Park Public Utility District,no confident match - own pin,"parsed at Frazier Park, CA 93225"
Fresno County Waterworks District #18,no confident match - own pin,"parsed at Fiant, CA 93626"
Fuller Falls Mutual Water Company,no confident match - own pin,"parsed at Moorpark, CA 93021"
Garberville Sanitary District,matched -> Garberville Sanitary District (CA),"place + governance match (100% overlap), 100% overlap"
Garden Farms Community Water District,no confident match - own pin,"parsed at Atascadero, CA 93422"
Garfield Water District,no confident match - own pin,"parsed at Clovis, CA 93612"
Gasquet Community Services District,no confident match - own pin,"parsed at Gasquet, CA 95543"
Gateway Restaurant and Lodge,no confident match - own pin,"parsed at Three Rivers, CA 93271"
Georgetown Divide Public Utility District,matched -> Georgetown Divide Public Utility District (CA),"place + governance match (100% overlap), 100% overlap"
Gerber Las Flores Community Services District,no confident match - own pin,"parsed at Gerber, CA 96035"
Gill Creek Mutual Water Company,no confident match - own pin,"parsed at Geyserville, CA 95441"
Gillette Mutual Water Company,no confident match - own pin,"parsed at Los Gatos, CA 95033"
Girl Scouts of San Diego and Imperial Counties,no confident match - own pin,"parsed at Julian, CA 92036"
Glen Martin Mutual Water Company,no confident match - own pin,"parsed at Angelus Oaks, CA 92305"
Gleneagles Estates,no confident match - own pin,"parsed at Solvang, CA 93463"
Glennville Mutual Water Company,no confident match - own pin,"parsed at Glennville, CA 93226"
Gold Mountain Community Services District,no confident match - own pin,"parsed at Clio, CA 96106"
Golden Hills Community Services District,matched -> Golden Hills Community Service District (CA),"place + governance match (100% overlap), 100% overlap"
Golden Valley Municipal Water District,no confident match - own pin,"parsed at Gorman, CA 93243"
Goleta Water District,matched -> Goleta Water District (CA),"place + governance match (100% overlap), 100% overlap"
GORDON ACRES (STEWART WC),no confident match - own pin,"parsed at Lucerne Valley, CA 92356"
Goshen CSD,no confident match - own pin,"parsed at Goshen, CA 93227"
Graeagle Meadows Homeowners’ Association,no confident match - own pin,"parsed at Graeagle, CA 96103"
Graeagle Water Company,no confident match - own pin,"parsed at Graeagle, CA 96103"
Gran Mutual Water Company,no confident match - own pin,"parsed at Chico, CA 95926"
Green Mountain Water Co,no confident match - own pin,"parsed at Morgan Hill, CA 95037"
Green Valley County Water District,no confident match - own pin,"parsed at Green Valley, CA 91390"
Green Valley Mutual Water Company,no confident match - own pin,"parsed at Green Vally Lake, CA 92341"
Greenfield County Water District,no confident match - own pin,"parsed at Bakersfield, CA 93307"
Greenhorn Creek CSD,no confident match - own pin,"parsed at Quincy, CA 95971"
GRENADA SANITARY DISTRICT,no confident match - own pin,"parsed at Grenada, CA 96038"
Grizzly Flats Community Services District,matched -> Grizzly Flats Community Services District (CA),"place + governance match (100% overlap), 100% overlap"
Grizzly Lake CSD,no confident match - own pin,"parsed at Portola, CA 96122"
Grizzly Ranch CSD,no confident match - own pin,"parsed at Portola, CA 96122"
Gualala Community Services District,no confident match - own pin,"parsed at Gualala, CA 95445"
Guatay Mutual Benefit Corporation,no confident match - own pin,"parsed at Guatay, CA 91931"
H and J Water Company,no confident match - own pin,"parsed at Julian, CA 92036"
"H20, Inc.",no confident match - own pin,"parsed at San Luis Obispo, CA 93406"
Hager Mutual Water Company,no confident match - own pin,"parsed at Buellton, CA 93427"
Hallwood Irrigation Company,no confident match - own pin,"parsed at Marysville, CA 95901"
Hamilton Branch Community Services District,no confident match - own pin,"parsed at Lake Almanor, CA 96137"
Hamilton City Community Services District,no confident match - own pin,"parsed at Hamilton City, CA 95951"
Hart Creek Estates Mutual Water Company,no confident match - own pin,"parsed at Bakersfield, CA 93304"
Hartley Mutual Water Company,no confident match - own pin,"parsed at Forest Ranch, CA 95942"
Hat Creek Highlands Mutual Water Company,no confident match - own pin,"parsed at Bella Vista, CA 96071"
Heather Glen Community Service Dist.,no confident match - own pin,"parsed at Applegate, CA 95703"
Heber Public Utility District,matched -> Heber Public Utility District (CA),"place + governance match (100% overlap), 100% overlap"
Heritage Ranch Community Services District,matched -> Heritage Ranch Community Services District (CA),"place + governance match (100% overlap), 100% overlap"
Herlong Public Utility District,no confident match - own pin,"parsed at Herlong, CA 96113"
Hermitage Mutual Water Company,no confident match - own pin,"parsed at Ojai, CA 93023"
Hetch Hetchy Water and Power – Moccasin,no confident match - own pin,"parsed at Moccasin, CA 95347"
HH and J Knoll Enterprises,no confident match - own pin,"parsed at Ludlow, CA 92338"
Hi Desert MWC,no confident match - own pin,"parsed at Barstow, CA 92311"
Hi-Desert Water District,matched -> Hi-Desert Water District (CA),"place + governance match (100% overlap), 100% overlap"
Hidden Valley Lake Community Services District,matched -> Hidden Valley Lake Community Services District (CA),"place + governance match (100% overlap), 100% overlap"
High Desert State Prison,no confident match - own pin,"parsed at Susanville, CA 96127"
High Valleys Water District,no confident match - own pin,"parsed at Banning, CA 92220"
Highlands Water Company,no confident match - own pin,"parsed at Clearlake, CA 95422"
Hills Ranch Mutual Water Company,no confident match - own pin,"parsed at Mendocino, CA 95460"
Hilmar County Water District,no confident match - own pin,"parsed at Hilmar, CA 95324"
Holland Heights Mutual Water Company,no confident match - own pin,"parsed at Santa Rosa, CA 95405"
Hoopa Valley Public Utilities District,no confident match - own pin,"parsed at Hoopa, CA 95546"
Hornbrook Community Services District,no confident match - own pin,"parsed at Hornbrook, CA 96044"
Howell Mountain Mutual Water Company,no confident match - own pin,"parsed at Angwin, CA 94508"
Huckleberry Mutual Water Company,no confident match - own pin,"parsed at Monte Rio, CA 95462"
"Hughson Nut, Inc.",no confident match - own pin,"parsed at Hughson, CA 95326"
Humboldt Bay Municipal Water District,no confident match - own pin,"parsed at Eureka, CA 95502"
Hume Lake Christian Camps,no confident match - own pin,"parsed at Hume, CA 93628"
Idyllwild Water District,no confident match - own pin,"parsed at Idyllwild, CA 92549"
Improvement District #1,no confident match - own pin,"parsed at Three Rivers, CA 93271"
Indian Creek Westridge Community Services District,no confident match - own pin,"parsed at Bishop, CA 93515"
Indian Valley Community Services District,no confident match - own pin,"parsed at Crescent Mills, CA 95934"
Inverness Public Utility District,no confident match - own pin,"parsed at Inverness, CA 94937"
Inyo County Water Services,no confident match - own pin,"parsed at Independence, CA 93526"
Inyokern Community Services District,no confident match - own pin,"parsed at Inyokern, CA 93527"
Irish Beach Water District,no confident match - own pin,"parsed at Manchester, CA 95459"
Ivanhoe Public Utility District,no confident match - own pin,"parsed at Ivanhoe, CA 93235"
J.G. Boswell Company,no confident match - own pin,"parsed at Corcoran, CA 93212"
Jackson Rancheria Casino and Hotel,no confident match - own pin,"parsed at Jackson, CA 95642"
Jackson Rancheria of Mi-Wuk Indians,no confident match - own pin,"parsed at Jackson, CA 95641"
Jacumba Community Services District,no confident match - own pin,"parsed at Jacumba, CA 91934"
Jago Bay Mutual Water Company and Home Owners Association,no confident match - own pin,"parsed at San Francisco, CA 94102"
Jamestown Sanitary District,no confident match - own pin,"parsed at Jamestown, CA 95327"
Jarvis Mutual Water Company,no confident match - own pin,"parsed at Santa Cruz, CA 95065"
JH Ranch/Second Wind,no confident match - own pin,"parsed at Etna, CA 96027"
Johnsville PUD,no confident match - own pin,"parsed at Blairsden, CA 96103"
Joshua Basin Water District,matched -> Joshua Basin Water District (CA),"place + governance match (100% overlap), 100% overlap"
"Jubilee Mutual Water Company, Inc.",no confident match - own pin,"parsed at Lucerne Valley, CA 92356"
Julian Community Services District,no confident match - own pin,"parsed at Julian, CA 92036"
Juliana Mutual Water Company,no confident match - own pin,"parsed at Napa, CA 94559"
Junction City School,no confident match - own pin,"parsed at Junction City, CA 96048"
Juniper Riviera CWD,no confident match - own pin,"parsed at Lucerne Valley, CA 92356"
Kern Valley Mutual Water Company,no confident match - own pin,"parsed at Lake Isabella, CA 93240"
Kettleman City Community Services District,no confident match - own pin,"parsed at Kettleman City, CA 93239"
Key Mutual Water Company,no confident match - own pin,"parsed at San Clemente, CA 92673"
Keyes Community Services District,no confident match - own pin,"parsed at Keyes, CA 95328"
Kingvale Property Owner and Water Users Inc.,no confident match - own pin,"parsed at Truckee, CA 96161"
Kinneloa Irrigation Dist.,no confident match - own pin,"parsed at Pasadena, CA 91107"
Knights Ferry Community Services District,no confident match - own pin,"parsed at Knights Ferry, CA 95361"
Knights Landing Community Service District,no confident match - own pin,"parsed at Knights Landing, CA 95645"
Konocti County Water District,no confident match - own pin,"parsed at Clearlake, CA 95422"
Kyburz Mutual Water Company,no confident match - own pin,"parsed at Kyburz, CA 95720"
La Canada Irrigation District,no confident match - own pin,"parsed at La Canada, CA 91011"
La Cumbre Mutual Water Company,no confident match - own pin,"parsed at Santa Barbara, CA 93110"
La Porte Water District,no confident match - own pin,"parsed at Clipper Mills, CA 95930"
Laguna Mountain Mutual Water Company,no confident match - own pin,"parsed at Mount Laguna, CA 91948"
Laguna Negra Mutual Water Company,no confident match - own pin,"parsed at Nipomo, CA 93444"
Lake Almanor Country Club Mutual Water (LACC),no confident match - own pin,"parsed at Lake Almanor, CA 96137"
Lake Alpine Water Company,no confident match - own pin,"parsed at Bear Valley, CA 95223"
"Lake California Property Owners Assoc, Inc.",no confident match - own pin,"parsed at Cottonwood, CA 96022"
Lake County Special Districts,no confident match - own pin,"parsed at Lakeport, CA 95453"
Lake Cuyamaca Water District,no confident match - own pin,"parsed at Julian, CA 92036"
Lake Don Pedro Community Services District,county mismatch - own pin,"name matched 'Lake Don Pedro Community Services District' but county disagrees (agency: Mariposa, CRWA address county: STANISLAUS) - kept as standalone pin"
Lake Elementary School District,no confident match - own pin,"parsed at Orland, CA 95963"
Lake Elizabeth Mutual Water Company,no confident match - own pin,"parsed at Elizabeth Lake, CA 93532"
Lake Forest Mutual Water Company,no confident match - own pin,"parsed at Susanville, CA 96130"
Lake Francis Mutual Water Company,no confident match - own pin,"parsed at Dobbins, CA 95935"
Lake Morena Views Mutual Water Company,no confident match - own pin,"parsed at Campo, CA 91906"
Lake of the Woods Mutual Water Company,no confident match - own pin,"parsed at Frazier Park, CA 93225"
"Lake Pillsbury Properties Water Company, Inc.",no confident match - own pin,"parsed at Potter Valley, CA 95469"
Lake Shastina Community Services District,no confident match - own pin,"parsed at Weed, CA 96094"
Lake Siskiyou Mutual Water Company,no confident match - own pin,"parsed at Mt. Shasta, CA 96067"
Lakeshore Heights Mutual Water Company,no confident match - own pin,"parsed at Lakehead, CA 96051"
Lakeview Ranchos Mutual Water Company,no confident match - own pin,"parsed at Weldon, CA 93283"
Lancaster MHP,no confident match - own pin,"parsed at Lancaster, CA 93535"
Landale Mutual Water Company,no confident match - own pin,"parsed at Lancaster, CA 93539"
"Landscape & Tree Company, Inc.",no confident match - own pin,"parsed at Roseville, CA 95747"
Las Cumbres Mutual Water Company,no confident match - own pin,"parsed at Los Gatos, CA 95033"
Las Lomas Mutual Water Company,no confident match - own pin,"parsed at Somis, CA 93066"
Las Positas MWC,no confident match - own pin,"parsed at Santa Barbara, CA 93105"
Lassen Community College District,no confident match - own pin,"parsed at Susanville, CA 96130"
Lassen County Office of Education,no confident match - own pin,"parsed at Susanville, CA 96130"
Lassen County Waterworks District #1,no confident match - own pin,"parsed at Bieber, CA 96009"
Laton Community Services District,no confident match - own pin,"parsed at Laton, CA 93242"
Lava Beds National Monument,no confident match - own pin,"parsed at Tulelake, CA 96134"
Lawndale Mutual Water Company,no confident match - own pin,"parsed at Kenwood, CA 95452"
Lawson’s Landing,no confident match - own pin,"parsed at Dillon Beach, CA 94929"
Lazy H Mutual Water Company,no confident match - own pin,"parsed at Pauma Valley, CA 92061"
Le Grand Community Services District,no confident match - own pin,"parsed at Le Grand, CA 95333"
Leavitt Lake Community Services District,no confident match - own pin,"parsed at Susanville, CA 96130"
Lebec County Water District,no confident match - own pin,"parsed at Lebec, CA 93243"
Lee Vining PUD,no confident match - own pin,"parsed at Lee Vining, CA 93541"
Leggett Valley Unified School District,no confident match - own pin,"parsed at Leggett, CA 95585"
Leisure Acres Mutual Water Company,no confident match - own pin,"parsed at North Fork, CA 93643"
Leisure Pines Mutual Water Company,no confident match - own pin,"parsed at Twain Harte, CA 95383"
Leland Meadow Water District,no confident match - own pin,"parsed at Milpitas, CA 95036"
Lemon Cove Sanitary District,no confident match - own pin,"parsed at Lemon Cove, CA 93244"
Lemoore Canal & Irrigation Company,no confident match - own pin,"parsed at Lemoore, CA 93245"
Liberty Park Water Association,no confident match - own pin,"parsed at Huntington Beach, CA 92647"
Liberty Water Association,no confident match - own pin,"parsed at Rutherford, CA 94573"
Lichau Hylands Mutual Water Company,no confident match - own pin,"parsed at Penngrove, CA 94951"
"Lilli Valley Water Company, Inc.",no confident match - own pin,"parsed at West Point, CA 95255"
Lily of the Valley Mobile Village,no confident match - own pin,"parsed at Santa Clarita, CA 91390"
Limoneira Company,no confident match - own pin,"parsed at Santa Paula, CA 93060"
Lincoln Avenue Water Company,no confident match - own pin,"parsed at Altadena, CA 91001"
Lincoln Chan Home Ranch,no confident match - own pin,"parsed at Courtland, CA 95615"
Linda County Water District,no confident match - own pin,"parsed at Marysville, CA 95901"
Linden County Water District,no confident match - own pin,"parsed at Linden, CA 95236"
Little Baldy Water Company,no confident match - own pin,"parsed at Llano, CA 93544"
"Little Bear Water Company, Inc.",no confident match - own pin,"parsed at King City, CA 93930"
Littlerock Creek Irrigation District,no confident match - own pin,"parsed at Littlerock, CA 93543"
Llano Mutual Water Company,no confident match - own pin,"parsed at Llano, CA 93544"
Loch Haven Mutual Water Company,no confident match - own pin,"parsed at Petaluma, CA 94952"
Loch Lomond Mutual Water Company,no confident match - own pin,"parsed at Cobb, CA 95426"
Lockeford Community Services District,no confident match - own pin,"parsed at Lockeford, CA 95237"
Lockheed Martin Aeronautics Company,no confident match - own pin,"parsed at Palmdale, CA 93599"
Loma Linda University,no confident match - own pin,"parsed at Loma Linda, CA 92350"
Loma Mar Mutual Water and Improvement Company,no confident match - own pin,"parsed at Loma Mar, CA 94021"
Loma Prieta Resource Conservation District,no confident match - own pin,"parsed at Gilroy, CA 95020"
Long Canyon Water Company,no confident match - own pin,"parsed at Bakersfield, CA 93309"
Los Alamos Community Services District,matched -> Los Alamos Community Services District (CA),"place + governance match (100% overlap), 100% overlap"
Los Molinos Mutual Water Company,no confident match - own pin,"parsed at Los Molinos, CA 96055"
Los Ranchos De Uvas Water Co. Inc.,no confident match - own pin,"parsed at Morgan Hill, CA 95038"
Los Tules Mutual Water Company,no confident match - own pin,"parsed at Warner Springs, CA 92086"
Lost Hills Utility District,no confident match - own pin,"parsed at Lost Hills, CA 93249"
Lucerne Valley Mutual Water Company,no confident match - own pin,"parsed at Lucerne Valley, CA 92356"
Lukins Brothers Water Company Inc.,no confident match - own pin,"parsed at South Lake Tahoe, CA 96150"
Lundy MWC,no confident match - own pin,"parsed at Lee Vining, CA 93541"
Lupine Ridge MWC,no confident match - own pin,"parsed at Glen Ellen, CA 95442"
Madera Unified School District,no confident match - own pin,"parsed at Madera, CA 93637"
Madera Valley Water Company,no confident match - own pin,"parsed at Madera, CA 93638"
Madison Community Service District,no confident match - own pin,"parsed at Madison, CA 95653"
Maher Mutual Water Company,no confident match - own pin,"parsed at Bakersfield, CA 93312"
Majestic Pines Community Services District,no confident match - own pin,"parsed at Julian, CA 92036"
Malaga County Water District,matched -> Malaga County Water District (CA),"place + governance match (100% overlap), 100% overlap"
Mammoth Community Water District,matched -> Mammoth Community Water District (CA),"place + governance match (100% overlap), 100% overlap"
Manila Community Services District,no confident match - own pin,"parsed at Arcata, CA 95521"
Mariana Ranchos County Water District,no confident match - own pin,"parsed at Apple Valley, CA 92308"
Marin French Cheese Company,no confident match - own pin,"parsed at Petaluma, CA 94952"
Mariposa County Unified School District,no confident match - own pin,"parsed at Mariposa, CA 95338"
Mariposa Pines MWC,no confident match - own pin,"parsed at Mariposa, CA 95338"
Mariposa Public Utility District,no confident match - own pin,"parsed at Mariposa, CA 95338"
Mark West Acres Water Association,no confident match - own pin,"parsed at Santa Rosa, CA 95404"
Markleeville Water Company,no confident match - own pin,"parsed at Markleeville, CA 96120"
Markley Cove Resort,no confident match - own pin,"parsed at Winters, CA 95694"
Marygold Mutual Water Company,no confident match - own pin,"parsed at Bloomington, CA 92316"
Massini MWC,no confident match - own pin,"parsed at Santa Rosa, CA 95404"
Maxwell Public Utility District,no confident match - own pin,"parsed at Maxwell, CA 95955"
Maywood Mutual Water Company #1,no confident match - own pin,"parsed at Huntington Park, CA 90255"
Maywood Mutual Water Company #2,no confident match - own pin,"parsed at Maywood, CA 90270"
Maywood Mutual Water Company #3,no confident match - own pin,"parsed at Maywood, CA 90270"
McCabe Union Elementary District,no confident match - own pin,"parsed at El Centro, CA 92243"
McCloud Community Services District,no confident match - own pin,"parsed at McCloud, CA 96057"
"McClure Boat Club, Inc.",no confident match - own pin,"parsed at Snelling, CA 95369"
McMahon Road MWC,no confident match - own pin,"parsed at Hollister, CA 95024"
MCSI Water Systems Management,no confident match - own pin,"parsed at Carmel Valley, CA 93924"
Meadow Estates Mutual Water Company,no confident match - own pin,"parsed at Boonville, CA 95415"
"Meadow Lakes Club, Inc.",no confident match - own pin,"parsed at Auberry, CA 93602"
Meadow Vista CWD,no confident match - own pin,"parsed at Meadow Vista, CA 95722"
Meadowcreek Mutual Water Company,no confident match - own pin,"parsed at Bishop, CA 93514"
Meeks and Daley Water Company,no confident match - own pin,"parsed at Lake Elsinore, CA 92530"
"Melody Oaks Mutual Irrigation Company, Inc.",no confident match - own pin,"parsed at Smartsville, CA 95977"
Melody Woods Mutual Water Company,no confident match - own pin,"parsed at Los Gatos, CA 95033"
Mendocino County Waterworks District #2,no confident match - own pin,"parsed at Gualala, CA 95445"
Mettler County Water District,no confident match - own pin,"parsed at Buttonwillow, CA 93206"
Mettler Valley MWC,no confident match - own pin,"parsed at Lancaster, CA 93536"
MHC NAC L.P. – Lake Minden,outside territory (NY),"Equity Lifestyle c/o Business Licenses PO Box 8000, Monsey, NY 10952"
MHC NAC L.P. – Lake Minden,no confident match - own pin,"parsed at Monsey, NY 10952"
"MHC TT, L.P. – Lake of the Springs",outside territory (NY),"Equity Lifestyle c/o Business Licenses PO Box 8000, Monsey, NY 10952"
"MHC TT, L.P. – Lake of the Springs",no confident match - own pin,"parsed at Monsey, NY 10952"
"MHC TT, L.P. – Morgan Hill",outside territory (NY),"c/o Business Licenses PO Box 8000, Monsey, NY 10952"
"MHC TT, L.P. – Morgan Hill",no confident match - own pin,"parsed at Monsey, NY 10952"
Mi-Wuk Village Mutual Water Company,no confident match - own pin,"parsed at Mi Wuk Village, CA 95346"
Michele Mutual Water Company,no confident match - own pin,"parsed at Fulton, CA 95439"
Midpeninsula Regional Open Space District,no confident match - own pin,"parsed at Los Altos, CA 94022"
Midway City MWC,no confident match - own pin,"parsed at Westminster, CA 92685"
Mil Potrero Mutual Water Company,no confident match - own pin,"parsed at Frazier Park, CA 93222"
Milky Way Water Company,no confident match - own pin,"parsed at Aptos, CA 95001"
Mill Creek Mutual Service Company,no confident match - own pin,"parsed at Mentone, CA 92359"
Milton Road Water Company,no confident match - own pin,"parsed at Napa, CA 94559"
Mineral County Water District,no confident match - own pin,"parsed at Mineral, CA 96063"
Mission Highlands Mutual Water Company,no confident match - own pin,"parsed at Sonoma, CA 95476"
Mission Hills Community Services District,county mismatch - own pin,"name matched 'Mission Hills Community Services District' but county disagrees (agency: Los Angeles, CRWA address county: SANTA BARBARA) - kept as standalone pin"
Mitchell’s Avenue E Park,no confident match - own pin,"parsed at Burbank, CA 91504"
Modesto Irrigation District,matched -> Modesto Irrigation District (CA),"place + governance match (100% overlap), 100% overlap"
Modoc County Environmental Health,no confident match - own pin,"parsed at Alturas, CA 96101"
Modoc Resource Conservation District,no confident match - own pin,"parsed at Alturas, CA 96101"
Mojave Public Utility District,no confident match - own pin,"parsed at Mojave, CA 93501"
Mojave Water Agency,matched -> Mojave Water Agency (CA),"place + governance match (100% overlap), 100% overlap"
Mokelumne Hill Sanitary District,no confident match - own pin,"parsed at Mokelumne Hill, CA 95245"
Montara Water and Sanitary District,matched -> Montara Sanitary District (CA),"place + governance match (75% overlap), 75% overlap"
Monte Shasta Mutual Water Company,no confident match - own pin,"parsed at Mt. Shasta, CA 96067"
Monterey Bay Academy,no confident match - own pin,"parsed at La Selva Beach, CA 95076"
Monterey County Parks – Lake San Antonio,no confident match - own pin,"parsed at Paso Robles, CA 93426"
MORAGA HEIGHTS MUTUAL WATER,no confident match - own pin,"parsed at Canyon, CA 94516"
Moro Mutual Water Company,no confident match - own pin,"parsed at Salinas, CA 93907"
Morongo Band of Mission Indians,no confident match - own pin,"parsed at Banning, CA 92220"
Mount Konocti Mutual Water Company,no confident match - own pin,"parsed at Kelseyville, CA 95451"
Mount Laguna Improvement Association,no confident match - own pin,"parsed at Mount Laguna, CA 91948"
Mount Pleasant Water Users Association,no confident match - own pin,"parsed at San Jose, CA 95148"
"Mount Ralston Property Associates, Inc.",no confident match - own pin,"parsed at Twin Bridges, CA 95735"
Mountain Empire Unified School District,no confident match - own pin,"parsed at Pine Valley, CA 91962"
Mountain Gate Community Services District,no confident match - own pin,"parsed at Redding, CA 96003"
Mountain Meadows MWC,no confident match - own pin,"parsed at Mammoth Lakes, CA 93546"
Mountain Summit Mutual Water Co.,no confident match - own pin,"parsed at Los Gatos, CA 95033"
Mountain View Estates Mutual Water Company,no confident match - own pin,"parsed at Bishop, CA 93514"
MT RALSTON PROPERTIES ASSC INC,no confident match - own pin,"parsed at Twin Bridgets, CA 95735"
Muir Beach Community Services District,no confident match - own pin,"parsed at Muir Beach, CA 94965"
Murphy Slough Association,no confident match - own pin,"parsed at Riverdale, CA 93656"
Murphys Sanitary District,matched -> Murphys Sanitary District (CA),"place + governance match (100% overlap), 100% overlap"
Muscoy Mutual Water Company,no confident match - own pin,"parsed at Muscoy, CA 92407"
Musick Heights MWC,no confident match - own pin,"parsed at Fresno, CA 93710"
Mustang Valley Mutual Water Company,no confident match - own pin,"parsed at Grass Valley, CA 95949"
Myoma Dunes Water Company,no confident match - own pin,"parsed at Bermuda Dunes, CA 92203"
Naglee Burk Irrigation District,no confident match - own pin,"parsed at Tracy, CA 95378"
Napa County Public Works LB/NB,no confident match - own pin,"parsed at Napa, CA 94559"
New Auberry Water Association,no confident match - own pin,"parsed at Auberry, CA 93602"
New Jerusalem Drainage District,no confident match - own pin,"parsed at Stockton, CA 95207"
Newell County Water District,no confident match - own pin,"parsed at Tulelake, CA 96134"
Newsom Springs Mutual Water Company,no confident match - own pin,"parsed at Arroyo Grande, CA 93420"
Nipomo Community Services District,matched -> Nipomo Community Services District (CA),"place + governance match (100% overlap), 100% overlap"
Nord Road Water Association,no confident match - own pin,"parsed at Bakersfield, CA 93314"
Norris Canyon Property Owner’s Association,no confident match - own pin,"parsed at Castro Valley, CA 94546"
North Gualala Water Company,no confident match - own pin,"parsed at Gualala, CA 95445"
North Kaweah Mutual Water Company,no confident match - own pin,"parsed at Three Rivers, CA 93271"
North Lone Pine Mutual Water Company,no confident match - own pin,"parsed at Lone Pine, CA 93545"
North Muroc Mutual Water Company (Edgemont Acres Mutual Water Company),no confident match - own pin,"parsed at North Edwards, CA 93523"
North Peak MWC,no confident match - own pin,"parsed at Julian, CA 92036"
North Yuba Water District,no confident match - own pin,"parsed at Brownsville, CA 95919"
Nuevo Water Company,no confident match - own pin,"parsed at Nuevo, CA 92567"
Nyack Water System,no confident match - own pin,"parsed at Emigrant Gap, CA 95715"
Nyeland Acres Mutual Water Co,no confident match - own pin,"parsed at Oxnard, CA 93031"
O’Connor Tract Co-operative Water Company,no confident match - own pin,"parsed at Palo Alto, CA 94302"
Oak Trail Estates MWC,no confident match - own pin,"parsed at Los Olivos, CA 93441"
"Oak Trail Ranch Mutual Water Company, Inc.",no confident match - own pin,"parsed at Santa Ynez, CA 93460"
Oakdale Irrigation District,matched -> Oakdale Irrigation District (CA),"place + governance match (100% overlap), 100% overlap"
"Oakville Pump Service, Inc.",no confident match - own pin,"parsed at Napa, CA 94559"
Oakwood Lake Water District,matched -> Oakwood Lake Water District (CA),"place + governance match (100% overlap), 100% overlap"
Oceano Community Service District,no confident match - own pin,"parsed at Oceano, CA 93475"
Ocotillo Mutual Water Company,no confident match - own pin,"parsed at Ocotillo, CA 92259"
Oildale Mutual Water Company,no confident match - own pin,"parsed at Bakersfield, CA 93308"
Okieville Highland Acres Mutual Water Company,no confident match - own pin,"parsed at Tulare, CA 93275"
Olivehurst Public Utility District,no confident match - own pin,"parsed at Olivehurst, CA 95961"
Olympic Valley Mutual Water Company (Previously Squaw Valley Mutual Water Company),no confident match - own pin,"parsed at Reno, NV 89511"
Olympic Valley Public Service District,matched -> Olympic Valley Public Service District (CA),"place + governance match (100% overlap), 100% overlap"
Orangevale Water Company,no confident match - own pin,"parsed at Orangevale, CA 95662"
Orick Community Services District,no confident match - own pin,"parsed at Orick, CA 95555"
Orland Estates MHP,outside territory (MT),"PO Box 31638, Billings, MT 59107"
Orland Estates MHP,no confident match - own pin,"parsed at Billings, MT 59107"
Orleans Mutual Water Company,no confident match - own pin,"parsed at Orleans, CA 95556"
Orosi Public Utility District,no confident match - own pin,"parsed at Orosi, CA 93647"
Pacific Union College,no confident match - own pin,"parsed at Angwin, CA 94508"
Padre Dam Municipal Water District,no confident match - own pin,"parsed at Santee, CA 92072"
Page Avenue Mutual Water Company,no confident match - own pin,"parsed at Fullerton, CA 92833"
Palm Ranch Irrigation District,no confident match - own pin,"parsed at Quartz Hill, CA 93536"
Palo Alto Park Mutual Water Company,no confident match - own pin,"parsed at East Palo Alto, CA 94303"
Palo Verde County Water District,no confident match - own pin,"parsed at Palo Verde, CA 92266"
Palomar Christian Conference Center,no confident match - own pin,"parsed at Palomar Mountain, CA 92060"
Palomar Mountain Mutual Water Company,no confident match - own pin,"parsed at Palomar Mountain, CA 92060"
Palomino Lakes Mutual Water Company,no confident match - own pin,"parsed at Cloverdale, CA 95425"
Paradise Lake Mutual Water Company,no confident match - own pin,"parsed at Prunedale, CA 93907"
Paradise Ranch Mobile Home Park,no confident match - own pin,"parsed at Castaic, CA 91384"
Park Heights Mutual Water Co.,no confident match - own pin,"parsed at Riverbank, CA 95367"
Partington Ridge MWC,no confident match - own pin,"parsed at Big Sur, CA 93920"
Paskenta Community Services District,no confident match - own pin,"parsed at Paskenta, CA 96074"
Patterson Tract CSD,no confident match - own pin,"parsed at Visalia, CA 93279"
Pauma Band of Mission Indians,no confident match - own pin,"parsed at Pauma Valley, CA 92061"
Pauma Valley Community Services District,matched -> Pauma Valley Community Services District (CA),"place + governance match (100% overlap), 100% overlap"
Pauma Valley Water Company,no confident match - own pin,"parsed at Pauma Valley, CA 92061"
Peach Growers Residents Tract Improvement Association,no confident match - own pin,"parsed at Rodeo, CA 94572"
Phelan Pinon Hills Community Services District,no confident match - own pin,"parsed at Phelan, CA 92329"
Phillipsville C.S.D.,no confident match - own pin,"parsed at Phillipsville, CA 95559"
"Phoenix Lake Country Club Estates MWC, Inc.",no confident match - own pin,"parsed at Sonora, CA 95370"
Pine Cove RV Park,no confident match - own pin,"parsed at Lewiston, CA 96052"
Pine Cove Water District,no confident match - own pin,"parsed at Idyllwild, CA 92549"
Pine Grove Community Services District,no confident match - own pin,"parsed at Pine Grove, CA 95665"
Pine Hills Mutual Water Company,no confident match - own pin,"parsed at Julian, CA 92036"
Pine Mountain Mutual Water Company,no confident match - own pin,"parsed at Willits, CA 95490"
Pine Valley Bible Conference Association,no confident match - own pin,"parsed at Pine Valley, CA 91962"
Pine Valley Mutual Water Company,no confident match - own pin,"parsed at Pine Valley, CA 91962"
Pinecrest Permittees Association,no confident match - own pin,"parsed at Pinecrest, CA 95364"
Pinon Pines Estates Mutual Water Company,no confident match - own pin,"parsed at Frazier Park, CA 93225"
Piute Pump Company,no confident match - own pin,"parsed at Lake Isabella, CA 93240"
Pixley Public Utility District,no confident match - own pin,"parsed at Pixley, CA 93256"
Placer County Department of Public Works,no confident match - own pin,"parsed at Auburn, CA 95603"
Planada Community Service District,no confident match - own pin,"parsed at Planada, CA 95365"
Pleasant Valley Mutual Water Company,no confident match - own pin,"parsed at Camarillo, CA 93010"
Plumas Eureka Community Services District,no confident match - own pin,"parsed at Blairsden, CA 96103"
PODESTA PACKING WATER SYSTEM,no confident match - own pin,"parsed at LINDEN, CA 95236"
"Point Arena Water Works, Inc",no confident match - own pin,"parsed at Point Arena, CA 95468"
Ponderosa Basin Mutual Water Company,no confident match - own pin,"parsed at Mariposa, CA 95338"
Port Hueneme Water Agencey,no confident match - own pin,"parsed at Port Hueneme, CA 93041"
Potter Valley School District,no confident match - own pin,"parsed at Potter Valley, CA 95469"
Preston Heights Water Company,no confident match - own pin,"parsed at Cloverdale, CA 95425"
"Property Owners Water System, Inc.",no confident match - own pin,"parsed at Canyon Country, CA 91351"
Protzman Enterprises,no confident match - own pin,"parsed at Sacramento, CA 95819"
Rains Creek CWD,no confident match - own pin,"parsed at Forestville, CA 95436"
Raisin City Water District,no confident match - own pin,"parsed at Clovis, CA 93611"
Ranch Road Estates Mutual Water Company,no confident match - own pin,"parsed at Bishop, CA 93514"
Rancheritos Mutual Water Company,no confident match - own pin,"parsed at Apple Valley, CA 92308"
Rancho Carrillo Mutual Water Company,no confident match - own pin,"parsed at Irvine, CA 92618"
Rancho Marcelino Water and Service Company,no confident match - own pin,"parsed at Solvang, CA 93463"
Rancho Pauma Mutual Water Company,no confident match - own pin,"parsed at Pauma Valley, CA 92061"
Rancho Santa Teresa Mutual Water Company,no confident match - own pin,"parsed at Ramona, CA 92065"
Rawson Creek Mutual Water Co. Inc.,no confident match - own pin,"parsed at Bishop, CA 93515"
Redcrest Water Works,no confident match - own pin,"parsed at Redcrest, CA 95569"
Redway Community Services District,no confident match - own pin,"parsed at Redway, CA 95560"
Redwood Glen,no confident match - own pin,"parsed at Loma Mar, CA 94021"
Redwood Park Community Service District,no confident match - own pin,"parsed at Klamath, CA 95548"
Reed Ditch Company,no confident match - own pin,"parsed at Riverdale, CA 93656"
Reynolds Resorts – Costanoa Lodge and Camp,no confident match - own pin,"parsed at Pescadero, CA 94060"
Richgrove Community Services District,no confident match - own pin,"parsed at Richgrove, CA 93261"
Ridge Mutual Water Company,no confident match - own pin,"parsed at Los Gatos, CA 95033"
Ridgeland Mutual Water Company,no confident match - own pin,"parsed at Tahoe City, CA 96145"
Ridgeview Estates Mutual Water Company,no confident match - own pin,"parsed at Boulder Creek, CA 95006"
Riebli Mutual Water Company,no confident match - own pin,"parsed at Fulton, CA 95439"
Rincon Water & Road Works Inc,no confident match - own pin,"parsed at Ventura, CA 93001"
Rio Alto Water District,no confident match - own pin,"parsed at Cottonwood, CA 96022"
Rio Linda/Elverta Community Water District,no confident match - own pin,"parsed at Rio Linda, CA 95673"
Rio Manor Mutual Water Company,no confident match - own pin,"parsed at Oxnard, CA 93031"
Rio Mesa High School/Oxnard Union High,no confident match - own pin,"parsed at Oxnard, CA 93030"
Rite of Passage – Sierra Ridge Academy,no confident match - own pin,"parsed at San Andreas, CA 95249"
Riven Rock MWC,no confident match - own pin,"parsed at Carpinteria, CA 93014"
River Ranch MH Park,no confident match - own pin,"parsed at Victorville, CA 92395"
River Retreat Mutual Water Co.,no confident match - own pin,"parsed at Three Rivers, CA 93271"
Riverdale Public Utility District,no confident match - own pin,"parsed at Riverdale, CA 93656"
Riverfront Mutual Water Company,no confident match - own pin,"parsed at Escondido, CA 92029"
Riverside Community Services District,no confident match - own pin,"parsed at Ferndale, CA 95536"
Riverside County Service Area #51,no confident match - own pin,"parsed at Riverside, CA 92501"
Riverside Highland Water Company,no confident match - own pin,"parsed at Grand Terrace, CA 92313"
Riverview Water Association,no confident match - own pin,"parsed at Bethel Island, CA 94511"
Rock Creek Ranch Mutual Water Company,no confident match - own pin,"parsed at Los Angeles, CA 90025"
"Rolling Green Utilities, Inc.",no confident match - own pin,"parsed at Big Pine, CA 93513"
Rosedale Water Company,no confident match - own pin,"parsed at Porterville, CA 93257"
Round Mountain Water Company,no confident match - own pin,"parsed at Bakersfield, CA 93301"
"Rural North Vacaville Water District-RG West Builders, Inc.",no confident match - own pin,"parsed at Vacaville, CA 95688"
Rush Creek Mutual Water Company,no confident match - own pin,"parsed at Weaverville, CA 96093"
Russian River County Water District,no confident match - own pin,"parsed at Forestville, CA 95436"
Ruth Lake Community Services District,no confident match - own pin,"parsed at Mad River, CA 95552"
"Ruth Mutual Water Company, Inc.",no confident match - own pin,"parsed at Mad River, CA 95552"
Rutherford Hill Winery,no confident match - own pin,"parsed at Napa, CA 94558"
Sacramento Surburban Water District,no confident match - own pin,"parsed at Sacramento, CA 95864"
Salida Sanitary District,no confident match - own pin,"parsed at Salida, CA 95368"
Salyer Mutual Water Company,no confident match - own pin,"parsed at Salyer, CA 95563"
San Andreas Sanitary District,no confident match - own pin,"parsed at San Andreas, CA 95249"
San Antonio Canyon Mutual Service Company,no confident match - own pin,"parsed at Mt. Baldy, CA 91759"
San Antonio Water Company,matched -> San Antonio Water Company (CA),"place + water domain match (100% overlap), 100% overlap"
San Ardo Water District,no confident match - own pin,"parsed at San Ardo, CA 93450"
San Augustine Mutual Water Co.,no confident match - own pin,"parsed at GAVIOTA, CA 93117"
San Benito Resource Conservation District,no confident match - own pin,"parsed at Hollister, CA 95023"
San Bernardino County Water and Sanitation,no confident match - own pin,"parsed at San Bernardino, CA 92423"
San Cayetano Mutual Water Company,no confident match - own pin,"parsed at Fillmore, CA 93015"
San Jacinto Basin Resource Conservation District,no confident match - own pin,"parsed at San Jacinto, CA 92582"
San Luis Business Park,no confident match - own pin,"parsed at San Luis Obispo, CA 93401"
San Luis Water District,no confident match - own pin,"parsed at Los Banos, CA 93635"
San Miguel Community Services District,matched -> San Miguel Community Services District (CA),"place + governance match (100% overlap), 100% overlap"
San Miguelito Mutual Water Company,no confident match - own pin,"parsed at Avila Beach, CA 93424"
San Simeon Community Services District,matched -> San Simeon Community Services District (CA),"place + governance match (100% overlap), 100% overlap"
San Vicente Mutual Water Company,no confident match - own pin,"parsed at Soledad, CA 93960"
Sand Mound Mutual Water Company Inc.,no confident match - own pin,"parsed at Bethel Island, CA 94511"
Santa Anita Mutual Water Co.,no confident match - own pin,"parsed at Gaviota, CA 93117"
Santa Barbara Thoroughbreds Mutual Water Company,no confident match - own pin,"parsed at Santa Ynez, CA 93460"
Santa Clara County Consumer and Environmental Protection Agency,no confident match - own pin,"parsed at San Jose, CA 95112"
Santa Clara County Parks & Recreation Department,no confident match - own pin,"parsed at San Jose, CA 95138"
"Santa Cruz Mountains Summit West, Inc dba Summit West Mutual Water Company",no confident match - own pin,"parsed at Los Gatos, CA 95031"
Santa Lucia Preserve,no confident match - own pin,"parsed at Carmel, CA 93923"
Santa Margarita Lake Campground,no confident match - own pin,"parsed at Paso Robles, CA 93447"
Santa Nella County Water District,no confident match - own pin,"parsed at Santa Nella, CA 95322"
Santa Rita Water Co,no confident match - own pin,"parsed at Lompoc, CA 93436"
"Santa Teresa Meadows Water Company, Inc.",no confident match - own pin,"parsed at Coyote, CA 95013"
Santa Ynez Rancho Estates Mutual Water Company,no confident match - own pin,"parsed at Santa Ynez, CA 93460"
"Santa Ysabel Ranch Mutual Water Company, Inc.",no confident match - own pin,"parsed at San Luis Obispo, CA 93405"
Saratoga Heights Mutual Water Company,no confident match - own pin,"parsed at Saratoga, CA 95071"
Sardine Lake Resort,no confident match - own pin,"parsed at Sierra City, CA 96125"
Scotia Community Services District,matched -> Scotia Community Services District (CA),"place + governance match (100% overlap), 100% overlap"
Sea Ranch Water Company,no confident match - own pin,"parsed at The Sea Ranch, CA 95497"
Sea Rock Bed and Breakfast Inn,no confident match - own pin,"parsed at Mendocino, CA 95460"
Seawood Estates Water Company,no confident match - own pin,"parsed at Trinidad, CA 95570"
Seeley County Water District,no confident match - own pin,"parsed at Seeley, CA 92273"
Selma Kingsburg Fowler County Sanitation District,matched -> Selma-Kingsburg-Fowler County Sanitation District (CA),"place + governance match (100% overlap), 100% overlap"
Senior Canyon Mutual Water Company,no confident match - own pin,"parsed at Ojai, CA 93024"
Sequoia Crest Mutual Water Company,no confident match - own pin,"parsed at Springville, CA 93265"
Seymour’s Mutual Water Company,no confident match - own pin,"parsed at Trinity Center, CA 96091"
Shadow Acres Mutual Water Company,no confident match - own pin,"parsed at Palmdale, CA 93590"
Shady Glen Enterprises,no confident match - own pin,"parsed at Colfax, CA 95713"
Shasta Community Services District,no confident match - own pin,"parsed at Shasta, CA 96087"
Shasta Forest Village MWC,no confident match - own pin,"parsed at Shingletown, CA 96088"
Shaver Lake Heights Water Association,no confident match - own pin,"parsed at Prather, CA 93651"
Shaver Lake Point #2 MWC,no confident match - own pin,"parsed at Clovis, CA 93611"
Sheep Creek Water Company,no confident match - own pin,"parsed at Phelan, CA 92329"
Sherman Acres Mutual Water Association,no confident match - own pin,"parsed at Bear Valley, CA 95223"
Shorelands Road and Water Company,no confident match - own pin,"parsed at Mendocino, CA 95460"
Shoshone Development – Charles Brown Water Co,no confident match - own pin,"parsed at Shoshone, CA 92384"
Sierra at Tahoe,no confident match - own pin,"parsed at Twin Bridges, CA 95735"
Sierra Bella Mutual Water Company,no confident match - own pin,"parsed at Wofford Heights, CA 93285"
"Sierra City Water Works, Inc.",no confident match - own pin,"parsed at Grass Valley, CA 95945"
Sierra East Mobile Home Park,no confident match - own pin,"parsed at Coleville, CA 96107"
Sierra Grande Estates Mutual Water Company,no confident match - own pin,"parsed at Bishop, CA 93515"
Sierra Highlands CSD,no confident match - own pin,"parsed at Bishop, CA 93515"
Sierra North Community Services District,no confident match - own pin,"parsed at Bishop, CA 93514"
Sierra Valley MWC,no confident match - own pin,"parsed at Beckwourth, CA 96129"
Sierraville Public Utility District,no confident match - own pin,"parsed at Sierraville, CA 96126"
Silver City Mutual Water Company,no confident match - own pin,"parsed at Visalia, CA 93279"
Silver Oak Cellars,no confident match - own pin,"parsed at Healdsburg, CA 95448"
Simonsen Laboratories Inc.,no confident match - own pin,"parsed at Gilroy, CA 95020"
Sisar MWC,no confident match - own pin,"parsed at Santa Paula, CA 93061"
"Siskiyou County Rolling Hills MWC, Inc.",no confident match - own pin,"parsed at Yreka, CA 96097"
Siskiyou Lake Highlands Mutual Water Company,no confident match - own pin,"parsed at Weed, CA 96094"
Sky Acres Mutual Water Corp.,no confident match - own pin,"parsed at Oakhurst, CA 93644"
Sky View County Water District,no confident match - own pin,"parsed at Paynes Creek, CA 96075"
Skyline Park Water Svs Co,no confident match - own pin,"parsed at Santa Ynez, CA 93460"
Sleepy Valley Water Company,no confident match - own pin,"parsed at Canyon Country, CA 91386"
Smith River Community Services District,no confident match - own pin,"parsed at Smith River, CA 95567"
Snowcrest Heights Improvement Association,no confident match - own pin,"parsed at Mt. Baldy, CA 91759"
Sobre Vista Water Company,no confident match - own pin,"parsed at El Verano, CA 95433"
Solano County Parks and Recreation Division,no confident match - own pin,"parsed at Fairfield, CA 94533"
Sonoma County Schools – Horicon School,no confident match - own pin,"parsed at Annapolis, CA 95412"
Sonoma State University,no confident match - own pin,"parsed at Rohnert Park, CA 94928"
Sotoyome Height Mutual Water Company,no confident match - own pin,"parsed at Healdsburg, CA 95448"
South Feather Water and Power Agency,matched -> South Feather Water and Power (CA),"place + water domain match (80% overlap), 80% overlap"
South Fork Estates Mutual Water Company,no confident match - own pin,"parsed at Three Rivers, CA 93271"
South Fork Irrigation District,no confident match - own pin,"parsed at Alturas, CA 96101"
"South Midway City Mutual Water Co., Inc.",no confident match - own pin,"parsed at Huntington Beach, CA 92647"
South Mountain MWC,no confident match - own pin,"parsed at Santa Paula, CA 93061"
South Sacramento Travelodge Mobile Home Park,no confident match - own pin,"parsed at Sacramento, CA 95824"
South San Joaquin Irrigation District,matched -> South San Joaquin Irrigation District (CA),"place + governance match (100% overlap), 100% overlap"
South Tahoe Public Utility District,matched -> South Tahoe Public Utility District (CA),"place + governance match (100% overlap), 100% overlap"
Southern Inyo Fire Protection District,no confident match - own pin,"parsed at Tecopa, CA 92389"
Southern Trinity Joint Unified School District,no confident match - own pin,"parsed at Mad River, CA 95526"
Spalding Community Service District – WW Plant,no confident match - own pin,"parsed at Susanville, CA 96130"
Spanish Flat Water District,no confident match - own pin,"parsed at Napa, CA 94558"
Spaulding Eagle Lake MWC,no confident match - own pin,"parsed at Susanville, CA 96130"
Sportshore Mutual Water Comapny,no confident match - own pin,"parsed at Lake Almanor, CA 96137"
Springville Public Utility District,no confident match - own pin,"parsed at Springville, CA 93265"
SPV Water Company,no confident match - own pin,"parsed at Agua Dulce, CA 91390"
Squaw Valley Resort LLC High Camp,no confident match - own pin,"parsed at Olympic Valley, CA 96146"
St. Francis Retreat,no confident match - own pin,"parsed at San Juan Bautista, CA 95045"
St. Francis Yacht Club,no confident match - own pin,"parsed at Stockton, CA 95219"
St. Helena Hospital,no confident match - own pin,"parsed at Roseville, CA 95661"
St. John’s River Mutual Water Company,no confident match - own pin,"parsed at Woodlake, CA 93286"
St. Supery Vineyards and Winery,no confident match - own pin,"parsed at Rutherford, CA 94526"
Stagecoach Road MWC,no confident match - own pin,"parsed at Los Gatos, CA 95033"
Stallion Springs Community Services District,matched -> Stallion Springs Community Services District (CA),"place + governance match (100% overlap), 100% overlap"
"Stanford Vina Ranch Irrigation Co., Inc.",no confident match - own pin,"parsed at Vina, CA 96092"
Stanislaus Regional County Housing Authority,no confident match - own pin,"parsed at Modesto, CA 95358"
Starlite Community Service District,no confident match - own pin,"parsed at Bishop, CA 93515"
Starlite Pines Mutual Water Company,no confident match - own pin,"parsed at Shingletown, CA 96088"
Stevinson Water District,no confident match - own pin,"parsed at Newman, CA 95360"
Stinson Beach County Water District,no confident match - own pin,"parsed at Stinson Beach, CA 94970"
Stockdale Annex Mutual Water Company,no confident match - own pin,"parsed at Bakersfield, CA 93304"
Stockton East Water District,matched -> Stockton East Water District (CA),"place + governance match (100% overlap), 100% overlap"
Stones-Bengard Community Services District,no confident match - own pin,"parsed at Susanville, CA 96130"
Stonewood Canyon Estates Association,no confident match - own pin,"parsed at Idyllwild, CA 92549"
Strathmore Public Utility District,no confident match - own pin,"parsed at Strathmore, CA 93267"
Strawberry Lodge Mutual Water Company,no confident match - own pin,"parsed at Twin Peaks, CA 92391"
Strickland Mutual Water Company,no confident match - own pin,"parsed at Oxnard, CA 93036"
SUGAR PINE HOMEOWNERS ASSOC,no confident match - own pin,"parsed at Oakhurst, CA 93644"
Sugarloaf Village Mutual Water Company,no confident match - own pin,"parsed at Posey, CA 93260"
Suisun Resource Conservation District,no confident match - own pin,"parsed at Suisun City, CA 94585"
Sundale Mutual Water Company,no confident match - own pin,"parsed at Lancaster, CA 93539"
"Sunrise Estates Mutual Water Company, Inc.",no confident match - own pin,"parsed at Jamul, CA 91935"
Sunset Beach Mutual Water Company,no confident match - own pin,"parsed at Sunnyvale, CA 94080"
Superior Farms,no confident match - own pin,"parsed at Dixon, CA 95620"
Superior Mutual Water Company,no confident match - own pin,"parsed at Bakersfield, CA 93304"
Surfwood Mutual Water Corp,no confident match - own pin,"parsed at Mendocino, CA 95460"
Surrey Village Water Company Inc.,no confident match - own pin,"parsed at Red Bluff, CA 96080"
Susan Hills Estates Water Company,no confident match - own pin,"parsed at Susanville, CA 96130"
Sutter Community Services District,no confident match - own pin,"parsed at Sutter, CA 95982"
Sweetwater Springs County Water District,no confident match - own pin,"parsed at Guerneville, CA 95446"
Tahoe Keys Property Owners Association,no confident match - own pin,"parsed at South Lake Tahoe, CA 96150"
Tahoe Park Water Company,no confident match - own pin,"parsed at El Dorado Hills, CA 95761"
Tamarack Springs Mutual Water Co.,no confident match - own pin,"parsed at San Francisco, CA 94131"
Tecate Vista Mutual Water Company,no confident match - own pin,"parsed at La Jolla, CA 92037"
Tehachapi-Cummings County Water District,matched -> Tehachapi-Cummings Co Water Dist (CA),"place + governance match (100% overlap), 100% overlap"
Tehama County Public Works,no confident match - own pin,"parsed at Gerber, CA 96035"
Templeton Community Services District,no confident match - own pin,"parsed at Templeton, CA 93465"
Tennant Community Services District,no confident match - own pin,"parsed at Macdoel, CA 96058"
Terra Bella Irrigation District,no confident match - own pin,"parsed at Terra Bella, CA 93270"
Terra de Oro Water Co,no confident match - own pin,"parsed at Arroyo Grande, CA 93420"
Terrace Water Company,no confident match - own pin,"parsed at Colton, CA 92324"
Thomas Mountain Mutual Water Assoc,no confident match - own pin,"parsed at Mountain Center, CA 92561"
Thousand Pines Christian Camp,no confident match - own pin,"parsed at Crestline, CA 92325"
Three Links Camp,no confident match - own pin,"parsed at San Jose, CA 95126"
Three Rivers Community Services District,no confident match - own pin,"parsed at Three Rivers, CA 93271"
Thunderbird County Water District,no confident match - own pin,"parsed at Apple Valley, CA 92307"
Tierra Vista Mutual Water Company,no confident match - own pin,"parsed at Monterey, CA 93940"
Timber Cove County Water District,no confident match - own pin,"parsed at Jenner, CA 95450"
Tokay Park Water Company,no confident match - own pin,"parsed at Sacramento, CA 95828"
Town of Discovery Bay CSD,matched -> Town Of Discovery Bay (CA),"place + governance match (60% overlap), 60% overlap"
Town of Fort Jones,no confident match - own pin,"parsed at Fort Jones, CA 96032"
"Toyon Park Water System, LLC",no confident match - own pin,"parsed at Stockton, CA 95219"
Tract 180 Water Company,no confident match - own pin,"parsed at Cudahy, CA 90201"
Tract 327 MWC,no confident match - own pin,"parsed at Springville, CA 93265"
Tranquillity Irrigation District,no confident match - own pin,"parsed at Tranquillity, CA 93668"
Tranquillity Public Utility District,no confident match - own pin,"parsed at Tranquility, CA 93668"
Treasure Creek Woods MWC,no confident match - own pin,"parsed at Trinity Center, CA 96091"
Treasury Wine Estates,no confident match - own pin,"parsed at Paso Robles, CA 93446"
Trinity County Waterworks District #1,no confident match - own pin,"parsed at Hayfork, CA 96041"
Trinity Knolls Mutual Water,no confident match - own pin,"parsed at Trinity Center, CA 96091"
Trinity Village Mutual Water,no confident match - own pin,"parsed at Salyer, CA 95563"
Trout Gulch Mutual Water Company,no confident match - own pin,"parsed at Aptos, CA 95003"
Tulare County Housing Authority,no confident match - own pin,"parsed at Visalia, CA 93279"
Tulelake Irrigation District,no confident match - own pin,"parsed at Tulelake, CA 96134"
Tuolumne Economic Development Authority,no confident match - own pin,"parsed at Tuolumne, CA 95379"
Tuolumne Utilities District,matched -> Tuolumne Utilities District (CA),"place + governance match (100% overlap), 100% overlap"
Turlock Irrigation District,no confident match - own pin,"parsed at Turlock, CA 95381"
Twain Harte Community Services District,matched -> Twain Harte Community Services District (CA),"place + governance match (100% overlap), 100% overlap"
Twentynine Palms Water District,matched -> Twentynine Palms Water District (CA),"place + governance match (100% overlap), 100% overlap"
U.S. Forest Service – Cleveland National Forest,no confident match - own pin,"parsed at San Diego, CA 92127"
Union Public Utility District,county mismatch - own pin,"name matched 'Union Sanitary District' but county disagrees (agency: Alameda, CRWA address county: CALAVERAS) - kept as standalone pin"
United States Gypsum Company,no confident match - own pin,"parsed at Imperial, CA 92251"
University of California Agriculture and Natural Resources,no confident match - own pin,"parsed at Davis, CA 95618"
Upper Lake County Water District,no confident match - own pin,"parsed at Upper Lake, CA 95485"
Upper Little Bear Mountain Club,no confident match - own pin,"parsed at Blue Jay, CA 92211"
US Forest Service – Stanislaus National Forest,no confident match - own pin,"parsed at Sonora, CA 95370"
Valley Estates Association of Property Owners,no confident match - own pin,"parsed at Weldon, CA 93283"
Valley of Enchantment Mutual Water Company,no confident match - own pin,"parsed at Crestline, CA 92325"
Valley Orchard MWC,no confident match - own pin,"parsed at Walnut Creek, CA 94598"
Valley Springs Public Utility District,no confident match - own pin,"parsed at Valley Springs, CA 95252"
Valley View Estates Mutual Water Company,no confident match - own pin,"parsed at Keene, CA 93531"
Valley Water Company,no confident match - own pin,"parsed at La Canada Flintridge, CA 91011"
Vandalia Water District,no confident match - own pin,"parsed at Tipton, CA 93272"
Vandenberg Village Community Services District,matched -> Vandenberg Village Community Services District (CA),"place + governance match (100% overlap), 100% overlap"
"Vaughn Water Company, Inc.",matched -> Vaughn Water Company (CA),"place + water domain match (100% overlap), 100% overlap"
Ventura River County Water District,matched -> Ventura River Water District (CA),"place + governance match (80% overlap), 80% overlap"
Venture Estates Mutual Water Company,no confident match - own pin,"parsed at Hollister, CA 95023"
Viejas Tribal Government,no confident match - own pin,"parsed at Alpine, CA 91901"
Vilicich Family Enterprises (Marshall Boat Works),no confident match - own pin,"parsed at MARSHALL, CA 94940"
Villa Del Monte Mutual Water Company,no confident match - own pin,"parsed at Los Gatos, CA 95033"
Villa Glen Mutual Water Company,no confident match - own pin,"parsed at Los Gatos, CA 95033"
Waldruhe Heights Mutual Water Company (MWC),no confident match - own pin,"parsed at Santa Rosa, CA 95404"
Ward Well Water Company,no confident match - own pin,"parsed at Tahoe City, CA 96145"
Weott Community Services District,no confident match - own pin,"parsed at Weott, CA 95571"
West County Wastewater District,county mismatch - own pin,"name matched 'West County Wastewater District' but county disagrees (agency: Contra Costa, CRWA address county: SHASTA) - kept as standalone pin"
"West End Mutual Water Company, Inc.",no confident match - own pin,"parsed at Lucerne Valley, CA 92356"
"West Side Park Mutual Water Company, Inc.",no confident match - own pin,"parsed at Palmdale, CA 93551"
West Stanislaus Resource Conservation District,no confident match - own pin,"parsed at Patterson, CA 95363"
Western Heights Water Company,no confident match - own pin,"parsed at Yucaipa, CA 92399"
Western Hills Water District,no confident match - own pin,"parsed at Patterson, CA 95363"
Westhaven Community Services District,matched -> Westhaven Community Services District (CA),"place + governance match (100% overlap), 100% overlap"
Westside Union School District,no confident match - own pin,"parsed at Quartz Hill, CA 93536"
Westside Water Conditioning,no confident match - own pin,"parsed at Los Banos, CA 93635"
Westwind Mutual Water Company Inc.,no confident match - own pin,"parsed at Peteluma, CA 94952"
Westwood Community Services District,no confident match - own pin,"parsed at Westwood, CA 96137"
Wheeler Crest Community Water District,no confident match - own pin,"parsed at Swall Meadows, CA 93514"
Wheeler Ridge-Maricopa Water Storage District,no confident match - own pin,"parsed at Bakersfield, CA 93313"
White Mountain Mutual Water Company,no confident match - own pin,"parsed at Bishop, CA 93515"
Whitehawk Ranch Mutual Water Company,no confident match - own pin,"parsed at Clio, CA 96106"
Whitethorn Construction,no confident match - own pin,"parsed at Whitethorn, CA 95589"
Wildewood East Mutual Water Company,no confident match - own pin,"parsed at Yuba City, CA 95993"
Willow County Water District,no confident match - own pin,"parsed at Ukiah, CA 95482"
Willow Creek Community Services District,no confident match - own pin,"parsed at Willow Creek, CA 95573"
Wilshire Heights Mutual Water Company,no confident match - own pin,"parsed at Santa Rosa, CA 95402"
"Wilson Circle Mutual Water Company, Inc.",no confident match - own pin,"parsed at Bishop, CA 93515"
Winterhaven Water District,no confident match - own pin,"parsed at Winterhaven, CA 92283"
Winton Water Sanitary District,no confident match - own pin,"parsed at Winton, CA 95388"
Wiyot Tribe,no confident match - own pin,"parsed at Loleta, CA 95551"
Wonderful Pistachios & Almonds LLC,no confident match - own pin,"parsed at Lost Hills, CA 93249"
Woodbridge Sanitary District,no confident match - own pin,"parsed at Woodbridge, CA 95258"
Woodland Park Mutual Water Company,no confident match - own pin,"parsed at Arroyo Grande, CA 93420"
Woodland Ridge Mutual Water Company,no confident match - own pin,"parsed at Saint Helena, CA 94574"
Woodstock Property Owners,no confident match - own pin,"parsed at Santa Ynez, CA 93460"
Wynola Water District,no confident match - own pin,"parsed at Santa Ysabel, CA 92070"
YMCA Camping Services,no confident match - own pin,"parsed at Julian, CA 92036"
Yosemite Spring Park Utility Company,no confident match - own pin,"parsed at Coarsegold, CA 93614"
Yosemite Vista Estates Mutual Water and WW,no confident match - own pin,"parsed at Groveland, CA 95321"
Yuba County Water Agency,no confident match - own pin,"parsed at Marysville, CA 95901"
Yuima Municipal Water District,matched -> Yuima Municipal Water District (CA),"place + governance match (100% overlap), 100% overlap"
Yulupa Mutual Water Company,no confident match - own pin,"parsed at Santa Rosa, CA 95404"
Zone Mutual Water Company,no confident match - own pin,"parsed at Somis, CA 93066"
Zumwalt Mutual Water Company,no confident match - own pin,"parsed at Colusa, CA 95932"
